52	ATM
53	Automated Teller Machines
54	electronic terminals
55	Flood hazards
56	Special Flood Hazard Areas
57	SFHA
58	Federal disaster relief assistance
59	FEMA
60	living will
61	resolution plan
62	Volcker Rule
63	Mortgage servicing
64	Qualified Mortgage Rule
65	Trust Accounts
66	Escrow Rule
67	collective investment funds
68	Safe Deposit Box Accounts
69	Overdraft services
70	Garnishment of accounts
71	Administrative wage garnishment
72	Garnishment
73	Customer dispute resolution
74	stop payment fee
75	Checking Accounts
76	Real estate lending standards
77	Involuntary Liquidation
78	SCRA
79	amortization
80	NACHA
81	Automated Clearing House
82	ACH
83	Society for worldwide interbank financial telecommunication
84	SWIFT
85	Clearing House Interbank Payments System
86	CHIPS
87	Fedwire Funds Service
88	ABA Code
89	fund transfer
90	remittance transfer rule
91	Requirements for Remittance Transfers
92	Customer Identification Program
93	Know Your Customer
94	KYC
95	Enhanced Due Dilligence
96	EDD
97	Suspicious Activity Report
98	SAR
99	Right to financial privacy act
100	RFPA
101	annual privacy notice
102	Cyber Crime
103	Federal Deposit Insurance Act
104	Information Security Standards
105	restrictive trade practices
106	Anti-boycott Provision
107	office of foreign assets control
108	OFAC
109	Specially Designated Nationals and Blocked Persons List
110	SDN
111	Sanctions List Search
112	corporate governance procedure
113	Depository Institution Management Interlocks Act
114	loan to executive officers and principal shareholders
115	Capital Adequacy
116	reserve requirements of depository institutions
117	Financial regulatory reporting
118	annual independent audit
119	regulatory reporting requirements
120	GAAP
121	generally accepted accounting principles
122	OMB control number
123	Risk-Weighted Assets
124	Interstate Deposit Production
125	state-chartered bank
126	Small Business Loan
127	Business Continuity Plan
128	investment securities and stocks
129	Safety and Soundness
130	extension of credit
131	federal mutual savings associations
132	federal thrift charter
133	Red Flags Rule
134	Identity Theft Prevention Program
135	unathorized transfer
136	consumer debt collection market
137	Disclosure of consumer complaint data
138	consumer complaint procedure
139	Nondiscriminatory Lending
140	Affiliate Marketing Opt-Out
141	Junk Fax
142	CAN-SPAM RULE
143	Common Standard on Reporting and Due Diligence for Financial Account Information
144	CRS
145	GATCA
146	security-based default swaps
147	Material Non-Public Information
148	MNPI
149	Registration of Securities
150	Asset valuation
151	Risk Assessment, Monitoring and Effectiveness Testing
152	Use of Financial Institution Nomenclature
153	Wire Transfers
154	Valuation of Life Insurance Policies
155	custodial holdings
156	general inquiry disclosure
157	Credit Practices Rule
158	Credit Practices Trade Regulation Rule
159	Foint of Sale Terminals
160	Home Equity Line of Credit
161	Higher Priced Mortgage Loans
162	Urban Wage Earners and Clerical Workers
163	CUNA
164	Regulation SHO
165	EBT "Regulation E"
166	Naked shorting
167	PCI DSS
168	C-TPAT
169	FAST
170	FRCP
171	Federal Rules of Civil Procedure
172	North American Electric Reliability Corp
173	Bank of America
174	HIPPA
175	PA DSS
176	Payment Application Data Security Standard
177	PCI PTS
178	PCI Pin Transaction Security
